<?xml version='1.0' encoding='UTF-8'?>
<?metadataRepository version='1.1.0'?>
<repository name='Cobiclipse Setup Task Extension' type='org.eclipse.equinox.internal.p2.metadata.repository.LocalMetadataRepository' version='1.0.0'>
  <properties size='2'>
    <property name='p2.timestamp' value='1460456405814'/>
    <property name='p2.compressed' value='true'/>
  </properties>
  <references size='8'>
    <repository uri='file:///C:/oomph/server' url='file:/C:/oomph/server' type='1' options='0'/>
    <repository uri='file:///C:/oomph/server/' url='file:/C:/oomph/server/' type='0' options='0'/>
    <repository uri='file:///C:/oomph/server/' url='file:/C:/oomph/server/' type='1' options='0'/>
    <repository uri='http://download.example.org/CommandLine/updates' url='http://download.example.org/CommandLine/updates' type='0' options='0'/>
    <repository uri='file:/C:/oomph/server/plugins' url='file:/C:/oomph/server/plugins' type='1' options='0'/>
    <repository uri='file:///C:/oomph/server' url='file:/C:/oomph/server' type='0' options='0'/>
    <repository uri='file:/C:/oomph/server/plugins' url='file:/C:/oomph/server/plugins' type='0' options='0'/>
    <repository uri='http://download.example.org/CommandLine/updates' url='http://download.example.org/CommandLine/updates' type='1' options='0'/>
  </references>
  <units size='36'>
    <unit id='DownloadTask' version='1.0.0.201604121219'>
      <update id='DownloadTask' range='[0.0.0,1.0.0.201604121219)' severity='0'/>
      <properties size='5'>
        <property name='df_LT.pluginName' value='Download Setup Task'/>
        <property name='df_LT.providerName' value='Downloadtask'/>
        <property name='org.eclipse.equinox.p2.name' value='%pluginName'/>
        <property name='org.eclipse.equinox.p2.provider' value='%providerName'/>
        <property name='org.eclipse.equinox.p2.bundle.localization' value='plugin'/>
      </properties>
      <provides size='9'>
        <provided namespace='org.eclipse.equinox.p2.iu' name='DownloadTask' version='1.0.0.201604121219'/>
        <provided namespace='osgi.bundle' name='DownloadTask' version='1.0.0.201604121219'/>
        <provided namespace='java.package' name='downloadtask' version='1.0.0'/>
        <provided namespace='java.package' name='downloadtask.core' version='0.0.0'/>
        <provided namespace='java.package' name='downloadtask.core.impl' version='0.0.0'/>
        <provided namespace='java.package' name='downloadtask.impl' version='1.0.0'/>
        <provided namespace='java.package' name='downloadtask.util' version='1.0.0'/>
        <provided namespace='org.eclipse.equinox.p2.eclipse.type' name='bundle' version='1.0.0'/>
        <provided namespace='org.eclipse.equinox.p2.localization' name='df_LT' version='1.0.0'/>
      </provides>
      <requires size='4'>
        <required namespace='osgi.bundle' name='org.eclipse.core.runtime' range='[3.5.0,4.0.0)'/>
        <required namespace='osgi.bundle' name='org.eclipse.emf.ecore' range='[2.10.0,3.0.0)'/>
        <required namespace='osgi.bundle' name='org.eclipse.oomph.setup' range='[1.1.0,2.0.0)'/>
        <required namespace='osgi.bundle' name='org.eclipse.oomph.base' range='[1.1.0,2.0.0)'/>
      </requires>
      <artifacts size='1'>
        <artifact classifier='osgi.bundle' id='DownloadTask' version='1.0.0.201604121219'/>
      </artifacts>
      <touchpoint id='org.eclipse.equinox.p2.osgi' version='1.0.0'/>
      <touchpointData size='1'>
        <instructions size='1'>
          <instruction key='manifest'>
            Bundle-SymbolicName: DownloadTask;singleton:=true&#xA;Bundle-Version: 1.0.0.201604121219
          </instruction>
        </instructions>
      </touchpointData>
    </unit>
    <unit id='CommandLine.feature.jar' version='1.0.0.201604121029'>
      <properties size='8'>
        <property name='org.eclipse.equinox.p2.name' value='%featureName'/>
        <property name='org.eclipse.equinox.p2.description' value='%description'/>
        <property name='org.eclipse.equinox.p2.provider' value='%providerName'/>
        <property name='df_LT.license' value='&lt;Enter license&gt;'/>
        <property name='df_LT.copyright' value='&lt;Enter copyright&gt;'/>
        <property name='df_LT.featureName' value='Cmd Setup Task'/>
        <property name='df_LT.description' value='Contains the setup model extension and edit support plugins for Cmd.'/>
        <property name='df_LT.providerName' value='Cmd'/>
      </properties>
      <provides size='3'>
        <provided namespace='org.eclipse.equinox.p2.iu' name='CommandLine.feature.jar' version='1.0.0.201604121029'/>
        <provided namespace='org.eclipse.equinox.p2.eclipse.type' name='feature' version='1.0.0'/>
        <provided namespace='org.eclipse.update.feature' name='CommandLine' version='1.0.0.201604121029'/>
      </provides>
      <filter>
        (org.eclipse.update.install.features=true)
      </filter>
      <artifacts size='1'>
        <artifact classifier='org.eclipse.update.feature' id='CommandLine' version='1.0.0.201604121029'/>
      </artifacts>
      <touchpoint id='org.eclipse.equinox.p2.osgi' version='1.0.0'/>
      <touchpointData size='1'>
        <instructions size='1'>
          <instruction key='zipped'>
            true
          </instruction>
        </instructions>
      </touchpointData>
      <licenses size='1'>
        <license uri='http://www.example.org/CommandLine/license.html' url='http://www.example.org/CommandLine/license.html'>
          %license
        </license>
      </licenses>
      <copyright uri='http://www.example.org/CommandLine/copyright.html' url='http://www.example.org/CommandLine/copyright.html'>
        %copyright
      </copyright>
    </unit>
    <unit id='CommandLine.feature.jar' version='1.0.0.201604121205'>
      <properties size='8'>
        <property name='org.eclipse.equinox.p2.name' value='%featureName'/>
        <property name='org.eclipse.equinox.p2.description' value='%description'/>
        <property name='org.eclipse.equinox.p2.provider' value='%providerName'/>
        <property name='df_LT.license' value='&lt;Enter license&gt;'/>
        <property name='df_LT.copyright' value='&lt;Enter copyright&gt;'/>
        <property name='df_LT.featureName' value='Cmd Setup Task'/>
        <property name='df_LT.description' value='Contains the setup model extension and edit support plugins for Cmd.'/>
        <property name='df_LT.providerName' value='Cmd'/>
      </properties>
      <provides size='3'>
        <provided namespace='org.eclipse.equinox.p2.iu' name='CommandLine.feature.jar' version='1.0.0.201604121205'/>
        <provided namespace='org.eclipse.equinox.p2.eclipse.type' name='feature' version='1.0.0'/>
        <provided namespace='org.eclipse.update.feature' name='CommandLine' version='1.0.0.201604121205'/>
      </provides>
      <filter>
        (org.eclipse.update.install.features=true)
      </filter>
      <artifacts size='1'>
        <artifact classifier='org.eclipse.update.feature' id='CommandLine' version='1.0.0.201604121205'/>
      </artifacts>
      <touchpoint id='org.eclipse.equinox.p2.osgi' version='1.0.0'/>
      <touchpointData size='1'>
        <instructions size='1'>
          <instruction key='zipped'>
            true
          </instruction>
        </instructions>
      </touchpointData>
      <licenses size='1'>
        <license uri='http://www.example.org/CommandLine/license.html' url='http://www.example.org/CommandLine/license.html'>
          %license
        </license>
      </licenses>
      <copyright uri='http://www.example.org/CommandLine/copyright.html' url='http://www.example.org/CommandLine/copyright.html'>
        %copyright
      </copyright>
    </unit>
    <unit id='CommandLine' version='1.0.0.201604121029'>
      <update id='CommandLine' range='[0.0.0,1.0.0.201604121029)' severity='0'/>
      <properties size='5'>
        <property name='df_LT.pluginName' value='Cmd Setup Task'/>
        <property name='df_LT.providerName' value='Cmd'/>
        <property name='org.eclipse.equinox.p2.name' value='%pluginName'/>
        <property name='org.eclipse.equinox.p2.provider' value='%providerName'/>
        <property name='org.eclipse.equinox.p2.bundle.localization' value='plugin'/>
      </properties>
      <provides size='7'>
        <provided namespace='org.eclipse.equinox.p2.iu' name='CommandLine' version='1.0.0.201604121029'/>
        <provided namespace='osgi.bundle' name='CommandLine' version='1.0.0.201604121029'/>
        <provided namespace='java.package' name='cmd' version='1.0.0'/>
        <provided namespace='java.package' name='cmd.impl' version='1.0.0'/>
        <provided namespace='java.package' name='cmd.util' version='1.0.0'/>
        <provided namespace='org.eclipse.equinox.p2.eclipse.type' name='bundle' version='1.0.0'/>
        <provided namespace='org.eclipse.equinox.p2.localization' name='df_LT' version='1.0.0'/>
      </provides>
      <requires size='5'>
        <required namespace='osgi.bundle' name='org.eclipse.core.runtime' range='[3.5.0,4.0.0)'/>
        <required namespace='osgi.bundle' name='org.eclipse.emf.ecore' range='[2.10.0,3.0.0)'/>
        <required namespace='osgi.bundle' name='org.eclipse.oomph.setup' range='[1.1.0,2.0.0)'/>
        <required namespace='osgi.bundle' name='org.eclipse.oomph.base' range='[1.1.0,2.0.0)'/>
        <required namespace='osgi.bundle' name='org.junit' range='0.0.0'/>
      </requires>
      <artifacts size='1'>
        <artifact classifier='osgi.bundle' id='CommandLine' version='1.0.0.201604121029'/>
      </artifacts>
      <touchpoint id='org.eclipse.equinox.p2.osgi' version='1.0.0'/>
      <touchpointData size='1'>
        <instructions size='1'>
          <instruction key='manifest'>
            Bundle-SymbolicName: CommandLine;singleton:=true&#xA;Bundle-Version: 1.0.0.201604121029
          </instruction>
        </instructions>
      </touchpointData>
    </unit>
    <unit id='CommandLine' version='1.0.0.201604121205'>
      <update id='CommandLine' range='[0.0.0,1.0.0.201604121205)' severity='0'/>
      <properties size='5'>
        <property name='df_LT.pluginName' value='Cmd Setup Task'/>
        <property name='df_LT.providerName' value='Cmd'/>
        <property name='org.eclipse.equinox.p2.name' value='%pluginName'/>
        <property name='org.eclipse.equinox.p2.provider' value='%providerName'/>
        <property name='org.eclipse.equinox.p2.bundle.localization' value='plugin'/>
      </properties>
      <provides size='7'>
        <provided namespace='org.eclipse.equinox.p2.iu' name='CommandLine' version='1.0.0.201604121205'/>
        <provided namespace='osgi.bundle' name='CommandLine' version='1.0.0.201604121205'/>
        <provided namespace='java.package' name='cmd' version='1.0.0'/>
        <provided namespace='java.package' name='cmd.impl' version='1.0.0'/>
        <provided namespace='java.package' name='cmd.util' version='1.0.0'/>
        <provided namespace='org.eclipse.equinox.p2.eclipse.type' name='bundle' version='1.0.0'/>
        <provided namespace='org.eclipse.equinox.p2.localization' name='df_LT' version='1.0.0'/>
      </provides>
      <requires size='5'>
        <required namespace='osgi.bundle' name='org.eclipse.core.runtime' range='[3.5.0,4.0.0)'/>
        <required namespace='osgi.bundle' name='org.eclipse.emf.ecore' range='[2.10.0,3.0.0)'/>
        <required namespace='osgi.bundle' name='org.eclipse.oomph.setup' range='[1.1.0,2.0.0)'/>
        <required namespace='osgi.bundle' name='org.eclipse.oomph.base' range='[1.1.0,2.0.0)'/>
        <required namespace='osgi.bundle' name='org.junit' range='0.0.0'/>
      </requires>
      <artifacts size='1'>
        <artifact classifier='osgi.bundle' id='CommandLine' version='1.0.0.201604121205'/>
      </artifacts>
      <touchpoint id='org.eclipse.equinox.p2.osgi' version='1.0.0'/>
      <touchpointData size='1'>
        <instructions size='1'>
          <instruction key='manifest'>
            Bundle-SymbolicName: CommandLine;singleton:=true&#xA;Bundle-Version: 1.0.0.201604121205
          </instruction>
        </instructions>
      </touchpointData>
    </unit>
    <unit id='UnzipTask.edit' version='1.0.0.201604121029'>
      <update id='UnzipTask.edit' range='[0.0.0,1.0.0.201604121029)' severity='0'/>
      <properties size='5'>
        <property name='df_LT.pluginName' value='Unzip Setup Task Edit Support'/>
        <property name='df_LT.providerName' value='Example.org'/>
        <property name='org.eclipse.equinox.p2.name' value='%pluginName'/>
        <property name='org.eclipse.equinox.p2.provider' value='%providerName'/>
        <property name='org.eclipse.equinox.p2.bundle.localization' value='plugin'/>
      </properties>
      <provides size='5'>
        <provided namespace='org.eclipse.equinox.p2.iu' name='UnzipTask.edit' version='1.0.0.201604121029'/>
        <provided namespace='osgi.bundle' name='UnzipTask.edit' version='1.0.0.201604121029'/>
        <provided namespace='java.package' name='unziptask.provider' version='1.0.0'/>
        <provided namespace='org.eclipse.equinox.p2.eclipse.type' name='bundle' version='1.0.0'/>
        <provided namespace='org.eclipse.equinox.p2.localization' name='df_LT' version='1.0.0'/>
      </provides>
      <requires size='8'>
        <required namespace='osgi.bundle' name='org.eclipse.core.runtime' range='[3.5.0,4.0.0)'/>
        <required namespace='osgi.bundle' name='org.eclipse.emf.ecore' range='[2.10.0,3.0.0)'/>
        <required namespace='osgi.bundle' name='org.eclipse.emf.edit' range='[2.10.0,3.0.0)'/>
        <required namespace='osgi.bundle' name='org.eclipse.oomph.setup' range='[1.1.0,2.0.0)'/>
        <required namespace='osgi.bundle' name='org.eclipse.oomph.setup.edit' range='[1.1.0,2.0.0)'/>
        <required namespace='osgi.bundle' name='org.eclipse.oomph.base' range='[1.1.0,2.0.0)'/>
        <required namespace='osgi.bundle' name='org.eclipse.oomph.base.edit' range='[1.1.0,2.0.0)'/>
        <required namespace='osgi.bundle' name='UnzipTask' range='[1.0.0,2.0.0)'/>
      </requires>
      <artifacts size='1'>
        <artifact classifier='osgi.bundle' id='UnzipTask.edit' version='1.0.0.201604121029'/>
      </artifacts>
      <touchpoint id='org.eclipse.equinox.p2.osgi' version='1.0.0'/>
      <touchpointData size='1'>
        <instructions size='1'>
          <instruction key='manifest'>
            Bundle-SymbolicName: UnzipTask.edit;singleton:=true&#xA;Bundle-Version: 1.0.0.201604121029
          </instruction>
        </instructions>
      </touchpointData>
    </unit>
    <unit id='UnzipTask.edit' version='1.0.0.201604121205'>
      <update id='UnzipTask.edit' range='[0.0.0,1.0.0.201604121205)' severity='0'/>
      <properties size='5'>
        <property name='df_LT.pluginName' value='Unzip Setup Task Edit Support'/>
        <property name='df_LT.providerName' value='Example.org'/>
        <property name='org.eclipse.equinox.p2.name' value='%pluginName'/>
        <property name='org.eclipse.equinox.p2.provider' value='%providerName'/>
        <property name='org.eclipse.equinox.p2.bundle.localization' value='plugin'/>
      </properties>
      <provides size='5'>
        <provided namespace='org.eclipse.equinox.p2.iu' name='UnzipTask.edit' version='1.0.0.201604121205'/>
        <provided namespace='osgi.bundle' name='UnzipTask.edit' version='1.0.0.201604121205'/>
        <provided namespace='java.package' name='unziptask.provider' version='1.0.0'/>
        <provided namespace='org.eclipse.equinox.p2.eclipse.type' name='bundle' version='1.0.0'/>
        <provided namespace='org.eclipse.equinox.p2.localization' name='df_LT' version='1.0.0'/>
      </provides>
      <requires size='8'>
        <required namespace='osgi.bundle' name='org.eclipse.core.runtime' range='[3.5.0,4.0.0)'/>
        <required namespace='osgi.bundle' name='org.eclipse.emf.ecore' range='[2.10.0,3.0.0)'/>
        <required namespace='osgi.bundle' name='org.eclipse.emf.edit' range='[2.10.0,3.0.0)'/>
        <required namespace='osgi.bundle' name='org.eclipse.oomph.setup' range='[1.1.0,2.0.0)'/>
        <required namespace='osgi.bundle' name='org.eclipse.oomph.setup.edit' range='[1.1.0,2.0.0)'/>
        <required namespace='osgi.bundle' name='org.eclipse.oomph.base' range='[1.1.0,2.0.0)'/>
        <required namespace='osgi.bundle' name='org.eclipse.oomph.base.edit' range='[1.1.0,2.0.0)'/>
        <required namespace='osgi.bundle' name='UnzipTask' range='[1.0.0,2.0.0)'/>
      </requires>
      <artifacts size='1'>
        <artifact classifier='osgi.bundle' id='UnzipTask.edit' version='1.0.0.201604121205'/>
      </artifacts>
      <touchpoint id='org.eclipse.equinox.p2.osgi' version='1.0.0'/>
      <touchpointData size='1'>
        <instructions size='1'>
          <instruction key='manifest'>
            Bundle-SymbolicName: UnzipTask.edit;singleton:=true&#xA;Bundle-Version: 1.0.0.201604121205
          </instruction>
        </instructions>
      </touchpointData>
    </unit>
    <unit id='DownloadTask.edit' version='1.0.0.201604121219'>
      <update id='DownloadTask.edit' range='[0.0.0,1.0.0.201604121219)' severity='0'/>
      <properties size='5'>
        <property name='df_LT.pluginName' value='Download Setup Task Edit Support'/>
        <property name='df_LT.providerName' value='Example.org'/>
        <property name='org.eclipse.equinox.p2.name' value='%pluginName'/>
        <property name='org.eclipse.equinox.p2.provider' value='%providerName'/>
        <property name='org.eclipse.equinox.p2.bundle.localization' value='plugin'/>
      </properties>
      <provides size='5'>
        <provided namespace='org.eclipse.equinox.p2.iu' name='DownloadTask.edit' version='1.0.0.201604121219'/>
        <provided namespace='osgi.bundle' name='DownloadTask.edit' version='1.0.0.201604121219'/>
        <provided namespace='java.package' name='downloadtask.provider' version='1.0.0'/>
        <provided namespace='org.eclipse.equinox.p2.eclipse.type' name='bundle' version='1.0.0'/>
        <provided namespace='org.eclipse.equinox.p2.localization' name='df_LT' version='1.0.0'/>
      </provides>
      <requires size='8'>
        <required namespace='osgi.bundle' name='org.eclipse.core.runtime' range='[3.5.0,4.0.0)'/>
        <required namespace='osgi.bundle' name='org.eclipse.emf.ecore' range='[2.10.0,3.0.0)'/>
        <required namespace='osgi.bundle' name='org.eclipse.emf.edit' range='[2.10.0,3.0.0)'/>
        <required namespace='osgi.bundle' name='org.eclipse.oomph.setup' range='[1.1.0,2.0.0)'/>
        <required namespace='osgi.bundle' name='org.eclipse.oomph.setup.edit' range='[1.1.0,2.0.0)'/>
        <required namespace='osgi.bundle' name='org.eclipse.oomph.base' range='[1.1.0,2.0.0)'/>
        <required namespace='osgi.bundle' name='org.eclipse.oomph.base.edit' range='[1.1.0,2.0.0)'/>
        <required namespace='osgi.bundle' name='DownloadTask' range='[1.0.0,2.0.0)'/>
      </requires>
      <artifacts size='1'>
        <artifact classifier='osgi.bundle' id='DownloadTask.edit' version='1.0.0.201604121219'/>
      </artifacts>
      <touchpoint id='org.eclipse.equinox.p2.osgi' version='1.0.0'/>
      <touchpointData size='1'>
        <instructions size='1'>
          <instruction key='manifest'>
            Bundle-SymbolicName: DownloadTask.edit;singleton:=true&#xA;Bundle-Version: 1.0.0.201604121219
          </instruction>
        </instructions>
      </touchpointData>
    </unit>
    <unit id='CommandLine.feature.group' version='1.0.0.201604121029' singleton='false'>
      <update id='CommandLine.feature.group' range='[0.0.0,1.0.0.201604121029)' severity='0'/>
      <properties size='9'>
        <property name='org.eclipse.equinox.p2.name' value='%featureName'/>
        <property name='org.eclipse.equinox.p2.description' value='%description'/>
        <property name='org.eclipse.equinox.p2.provider' value='%providerName'/>
        <property name='org.eclipse.equinox.p2.type.group' value='true'/>
        <property name='df_LT.license' value='&lt;Enter license&gt;'/>
        <property name='df_LT.copyright' value='&lt;Enter copyright&gt;'/>
        <property name='df_LT.featureName' value='Cmd Setup Task'/>
        <property name='df_LT.description' value='Contains the setup model extension and edit support plugins for Cmd.'/>
        <property name='df_LT.providerName' value='Cmd'/>
      </properties>
      <provides size='2'>
        <provided namespace='org.eclipse.equinox.p2.iu' name='CommandLine.feature.group' version='1.0.0.201604121029'/>
        <provided namespace='org.eclipse.equinox.p2.localization' name='df_LT' version='1.0.0'/>
      </provides>
      <requires size='3'>
        <required namespace='org.eclipse.equinox.p2.iu' name='CommandLine' range='[1.0.0.201604121029,1.0.0.201604121029]'/>
        <required namespace='org.eclipse.equinox.p2.iu' name='CommandLine.edit' range='[1.0.0.201604121029,1.0.0.201604121029]'/>
        <required namespace='org.eclipse.equinox.p2.iu' name='CommandLine.feature.jar' range='[1.0.0.201604121029,1.0.0.201604121029]'>
          <filter>
            (org.eclipse.update.install.features=true)
          </filter>
        </required>
      </requires>
      <touchpoint id='null' version='0.0.0'/>
      <licenses size='1'>
        <license uri='http://www.example.org/CommandLine/license.html' url='http://www.example.org/CommandLine/license.html'>
          %license
        </license>
      </licenses>
      <copyright uri='http://www.example.org/CommandLine/copyright.html' url='http://www.example.org/CommandLine/copyright.html'>
        %copyright
      </copyright>
    </unit>
    <unit id='CommandLine.feature.group' version='1.0.0.201604121205' singleton='false'>
      <update id='CommandLine.feature.group' range='[0.0.0,1.0.0.201604121205)' severity='0'/>
      <properties size='9'>
        <property name='org.eclipse.equinox.p2.name' value='%featureName'/>
        <property name='org.eclipse.equinox.p2.description' value='%description'/>
        <property name='org.eclipse.equinox.p2.provider' value='%providerName'/>
        <property name='org.eclipse.equinox.p2.type.group' value='true'/>
        <property name='df_LT.license' value='&lt;Enter license&gt;'/>
        <property name='df_LT.copyright' value='&lt;Enter copyright&gt;'/>
        <property name='df_LT.featureName' value='Cmd Setup Task'/>
        <property name='df_LT.description' value='Contains the setup model extension and edit support plugins for Cmd.'/>
        <property name='df_LT.providerName' value='Cmd'/>
      </properties>
      <provides size='2'>
        <provided namespace='org.eclipse.equinox.p2.iu' name='CommandLine.feature.group' version='1.0.0.201604121205'/>
        <provided namespace='org.eclipse.equinox.p2.localization' name='df_LT' version='1.0.0'/>
      </provides>
      <requires size='3'>
        <required namespace='org.eclipse.equinox.p2.iu' name='CommandLine' range='[1.0.0.201604121205,1.0.0.201604121205]'/>
        <required namespace='org.eclipse.equinox.p2.iu' name='CommandLine.edit' range='[1.0.0.201604121205,1.0.0.201604121205]'/>
        <required namespace='org.eclipse.equinox.p2.iu' name='CommandLine.feature.jar' range='[1.0.0.201604121205,1.0.0.201604121205]'>
          <filter>
            (org.eclipse.update.install.features=true)
          </filter>
        </required>
      </requires>
      <touchpoint id='null' version='0.0.0'/>
      <licenses size='1'>
        <license uri='http://www.example.org/CommandLine/license.html' url='http://www.example.org/CommandLine/license.html'>
          %license
        </license>
      </licenses>
      <copyright uri='http://www.example.org/CommandLine/copyright.html' url='http://www.example.org/CommandLine/copyright.html'>
        %copyright
      </copyright>
    </unit>
    <unit id='CommandLine.edit' version='1.0.0.201604121219'>
      <update id='CommandLine.edit' range='[0.0.0,1.0.0.201604121219)' severity='0'/>
      <properties size='5'>
        <property name='df_LT.pluginName' value='Cmd Setup Task Edit Support'/>
        <property name='df_LT.providerName' value='Example.org'/>
        <property name='org.eclipse.equinox.p2.name' value='%pluginName'/>
        <property name='org.eclipse.equinox.p2.provider' value='%providerName'/>
        <property name='org.eclipse.equinox.p2.bundle.localization' value='plugin'/>
      </properties>
      <provides size='5'>
        <provided namespace='org.eclipse.equinox.p2.iu' name='CommandLine.edit' version='1.0.0.201604121219'/>
        <provided namespace='osgi.bundle' name='CommandLine.edit' version='1.0.0.201604121219'/>
        <provided namespace='java.package' name='cmd.provider' version='1.0.0'/>
        <provided namespace='org.eclipse.equinox.p2.eclipse.type' name='bundle' version='1.0.0'/>
        <provided namespace='org.eclipse.equinox.p2.localization' name='df_LT' version='1.0.0'/>
      </provides>
      <requires size='8'>
        <required namespace='osgi.bundle' name='org.eclipse.core.runtime' range='[3.5.0,4.0.0)'/>
        <required namespace='osgi.bundle' name='org.eclipse.emf.ecore' range='[2.10.0,3.0.0)'/>
        <required namespace='osgi.bundle' name='org.eclipse.emf.edit' range='[2.10.0,3.0.0)'/>
        <required namespace='osgi.bundle' name='org.eclipse.oomph.setup' range='[1.1.0,2.0.0)'/>
        <required namespace='osgi.bundle' name='org.eclipse.oomph.setup.edit' range='[1.1.0,2.0.0)'/>
        <required namespace='osgi.bundle' name='org.eclipse.oomph.base' range='[1.1.0,2.0.0)'/>
        <required namespace='osgi.bundle' name='org.eclipse.oomph.base.edit' range='[1.1.0,2.0.0)'/>
        <required namespace='osgi.bundle' name='CommandLine' range='[1.0.0,2.0.0)'/>
      </requires>
      <artifacts size='1'>
        <artifact classifier='osgi.bundle' id='CommandLine.edit' version='1.0.0.201604121219'/>
      </artifacts>
      <touchpoint id='org.eclipse.equinox.p2.osgi' version='1.0.0'/>
      <touchpointData size='1'>
        <instructions size='1'>
          <instruction key='manifest'>
            Bundle-SymbolicName: CommandLine.edit;singleton:=true&#xA;Bundle-Version: 1.0.0.201604121219
          </instruction>
        </instructions>
      </touchpointData>
    </unit>
    <unit id='DownloadTask.feature.group' version='1.0.0.201604121029' singleton='false'>
      <update id='DownloadTask.feature.group' range='[0.0.0,1.0.0.201604121029)' severity='0'/>
      <properties size='9'>
        <property name='org.eclipse.equinox.p2.name' value='%featureName'/>
        <property name='org.eclipse.equinox.p2.description' value='%description'/>
        <property name='org.eclipse.equinox.p2.provider' value='%providerName'/>
        <property name='org.eclipse.equinox.p2.type.group' value='true'/>
        <property name='df_LT.license' value='&lt;Enter license&gt;'/>
        <property name='df_LT.copyright' value='&lt;Enter copyright&gt;'/>
        <property name='df_LT.featureName' value='Download Setup Task'/>
        <property name='df_LT.description' value='Contains the setup model extension and edit support plugins for Download.'/>
        <property name='df_LT.providerName' value='Downloadtask'/>
      </properties>
      <provides size='2'>
        <provided namespace='org.eclipse.equinox.p2.iu' name='DownloadTask.feature.group' version='1.0.0.201604121029'/>
        <provided namespace='org.eclipse.equinox.p2.localization' name='df_LT' version='1.0.0'/>
      </provides>
      <requires size='3'>
        <required namespace='org.eclipse.equinox.p2.iu' name='DownloadTask' range='[1.0.0.201604121029,1.0.0.201604121029]'/>
        <required namespace='org.eclipse.equinox.p2.iu' name='DownloadTask.edit' range='[1.0.0.201604121029,1.0.0.201604121029]'/>
        <required namespace='org.eclipse.equinox.p2.iu' name='DownloadTask.feature.jar' range='[1.0.0.201604121029,1.0.0.201604121029]'>
          <filter>
            (org.eclipse.update.install.features=true)
          </filter>
        </required>
      </requires>
      <touchpoint id='null' version='0.0.0'/>
      <licenses size='1'>
        <license uri='http://www.example.org/DownloadTask/license.html' url='http://www.example.org/DownloadTask/license.html'>
          %license
        </license>
      </licenses>
      <copyright uri='http://www.example.org/DownloadTask/copyright.html' url='http://www.example.org/DownloadTask/copyright.html'>
        %copyright
      </copyright>
    </unit>
    <unit id='DownloadTask.feature.group' version='1.0.0.201604121205' singleton='false'>
      <update id='DownloadTask.feature.group' range='[0.0.0,1.0.0.201604121205)' severity='0'/>
      <properties size='9'>
        <property name='org.eclipse.equinox.p2.name' value='%featureName'/>
        <property name='org.eclipse.equinox.p2.description' value='%description'/>
        <property name='org.eclipse.equinox.p2.provider' value='%providerName'/>
        <property name='org.eclipse.equinox.p2.type.group' value='true'/>
        <property name='df_LT.license' value='&lt;Enter license&gt;'/>
        <property name='df_LT.copyright' value='&lt;Enter copyright&gt;'/>
        <property name='df_LT.featureName' value='Download Setup Task'/>
        <property name='df_LT.description' value='Contains the setup model extension and edit support plugins for Download.'/>
        <property name='df_LT.providerName' value='Downloadtask'/>
      </properties>
      <provides size='2'>
        <provided namespace='org.eclipse.equinox.p2.iu' name='DownloadTask.feature.group' version='1.0.0.201604121205'/>
        <provided namespace='org.eclipse.equinox.p2.localization' name='df_LT' version='1.0.0'/>
      </provides>
      <requires size='3'>
        <required namespace='org.eclipse.equinox.p2.iu' name='DownloadTask' range='[1.0.0.201604121205,1.0.0.201604121205]'/>
        <required namespace='org.eclipse.equinox.p2.iu' name='DownloadTask.edit' range='[1.0.0.201604121205,1.0.0.201604121205]'/>
        <required namespace='org.eclipse.equinox.p2.iu' name='DownloadTask.feature.jar' range='[1.0.0.201604121205,1.0.0.201604121205]'>
          <filter>
            (org.eclipse.update.install.features=true)
          </filter>
        </required>
      </requires>
      <touchpoint id='null' version='0.0.0'/>
      <licenses size='1'>
        <license uri='http://www.example.org/DownloadTask/license.html' url='http://www.example.org/DownloadTask/license.html'>
          %license
        </license>
      </licenses>
      <copyright uri='http://www.example.org/DownloadTask/copyright.html' url='http://www.example.org/DownloadTask/copyright.html'>
        %copyright
      </copyright>
    </unit>
    <unit id='UnzipTask.feature.group' version='1.0.0.201604121029' singleton='false'>
      <update id='UnzipTask.feature.group' range='[0.0.0,1.0.0.201604121029)' severity='0'/>
      <properties size='9'>
        <property name='org.eclipse.equinox.p2.name' value='%featureName'/>
        <property name='org.eclipse.equinox.p2.description' value='%description'/>
        <property name='org.eclipse.equinox.p2.provider' value='%providerName'/>
        <property name='org.eclipse.equinox.p2.type.group' value='true'/>
        <property name='df_LT.license' value='&lt;Enter license&gt;'/>
        <property name='df_LT.copyright' value='&lt;Enter copyright&gt;'/>
        <property name='df_LT.featureName' value='Unzip Setup Task'/>
        <property name='df_LT.description' value='Contains the setup model extension and edit support plugins for Unzip.'/>
        <property name='df_LT.providerName' value='Unziptask'/>
      </properties>
      <provides size='2'>
        <provided namespace='org.eclipse.equinox.p2.iu' name='UnzipTask.feature.group' version='1.0.0.201604121029'/>
        <provided namespace='org.eclipse.equinox.p2.localization' name='df_LT' version='1.0.0'/>
      </provides>
      <requires size='3'>
        <required namespace='org.eclipse.equinox.p2.iu' name='UnzipTask' range='[1.0.0.201604121029,1.0.0.201604121029]'/>
        <required namespace='org.eclipse.equinox.p2.iu' name='UnzipTask.edit' range='[1.0.0.201604121029,1.0.0.201604121029]'/>
        <required namespace='org.eclipse.equinox.p2.iu' name='UnzipTask.feature.jar' range='[1.0.0.201604121029,1.0.0.201604121029]'>
          <filter>
            (org.eclipse.update.install.features=true)
          </filter>
        </required>
      </requires>
      <touchpoint id='null' version='0.0.0'/>
      <licenses size='1'>
        <license uri='http://www.example.org/UnzipTask/license.html' url='http://www.example.org/UnzipTask/license.html'>
          %license
        </license>
      </licenses>
      <copyright uri='http://www.example.org/UnzipTask/copyright.html' url='http://www.example.org/UnzipTask/copyright.html'>
        %copyright
      </copyright>
    </unit>
    <unit id='UnzipTask.feature.group' version='1.0.0.201604121205' singleton='false'>
      <update id='UnzipTask.feature.group' range='[0.0.0,1.0.0.201604121205)' severity='0'/>
      <properties size='9'>
        <property name='org.eclipse.equinox.p2.name' value='%featureName'/>
        <property name='org.eclipse.equinox.p2.description' value='%description'/>
        <property name='org.eclipse.equinox.p2.provider' value='%providerName'/>
        <property name='org.eclipse.equinox.p2.type.group' value='true'/>
        <property name='df_LT.license' value='&lt;Enter license&gt;'/>
        <property name='df_LT.copyright' value='&lt;Enter copyright&gt;'/>
        <property name='df_LT.featureName' value='Unzip Setup Task'/>
        <property name='df_LT.description' value='Contains the setup model extension and edit support plugins for Unzip.'/>
        <property name='df_LT.providerName' value='Unziptask'/>
      </properties>
      <provides size='2'>
        <provided namespace='org.eclipse.equinox.p2.iu' name='UnzipTask.feature.group' version='1.0.0.201604121205'/>
        <provided namespace='org.eclipse.equinox.p2.localization' name='df_LT' version='1.0.0'/>
      </provides>
      <requires size='3'>
        <required namespace='org.eclipse.equinox.p2.iu' name='UnzipTask' range='[1.0.0.201604121205,1.0.0.201604121205]'/>
        <required namespace='org.eclipse.equinox.p2.iu' name='UnzipTask.edit' range='[1.0.0.201604121205,1.0.0.201604121205]'/>
        <required namespace='org.eclipse.equinox.p2.iu' name='UnzipTask.feature.jar' range='[1.0.0.201604121205,1.0.0.201604121205]'>
          <filter>
            (org.eclipse.update.install.features=true)
          </filter>
        </required>
      </requires>
      <touchpoint id='null' version='0.0.0'/>
      <licenses size='1'>
        <license uri='http://www.example.org/UnzipTask/license.html' url='http://www.example.org/UnzipTask/license.html'>
          %license
        </license>
      </licenses>
      <copyright uri='http://www.example.org/UnzipTask/copyright.html' url='http://www.example.org/UnzipTask/copyright.html'>
        %copyright
      </copyright>
    </unit>
    <unit id='UnzipTask.feature.jar' version='1.0.0.201604121219'>
      <properties size='8'>
        <property name='org.eclipse.equinox.p2.name' value='%featureName'/>
        <property name='org.eclipse.equinox.p2.description' value='%description'/>
        <property name='org.eclipse.equinox.p2.provider' value='%providerName'/>
        <property name='df_LT.license' value='&lt;Enter license&gt;'/>
        <property name='df_LT.copyright' value='&lt;Enter copyright&gt;'/>
        <property name='df_LT.featureName' value='Unzip Setup Task'/>
        <property name='df_LT.description' value='Contains the setup model extension and edit support plugins for Unzip.'/>
        <property name='df_LT.providerName' value='Unziptask'/>
      </properties>
      <provides size='3'>
        <provided namespace='org.eclipse.equinox.p2.iu' name='UnzipTask.feature.jar' version='1.0.0.201604121219'/>
        <provided namespace='org.eclipse.equinox.p2.eclipse.type' name='feature' version='1.0.0'/>
        <provided namespace='org.eclipse.update.feature' name='UnzipTask' version='1.0.0.201604121219'/>
      </provides>
      <filter>
        (org.eclipse.update.install.features=true)
      </filter>
      <artifacts size='1'>
        <artifact classifier='org.eclipse.update.feature' id='UnzipTask' version='1.0.0.201604121219'/>
      </artifacts>
      <touchpoint id='org.eclipse.equinox.p2.osgi' version='1.0.0'/>
      <touchpointData size='1'>
        <instructions size='1'>
          <instruction key='zipped'>
            true
          </instruction>
        </instructions>
      </touchpointData>
      <licenses size='1'>
        <license uri='http://www.example.org/UnzipTask/license.html' url='http://www.example.org/UnzipTask/license.html'>
          %license
        </license>
      </licenses>
      <copyright uri='http://www.example.org/UnzipTask/copyright.html' url='http://www.example.org/UnzipTask/copyright.html'>
        %copyright
      </copyright>
    </unit>
    <unit id='UnzipTask' version='1.0.0.201604121029'>
      <update id='UnzipTask' range='[0.0.0,1.0.0.201604121029)' severity='0'/>
      <properties size='5'>
        <property name='df_LT.pluginName' value='Unzip Setup Task'/>
        <property name='df_LT.providerName' value='Unziptask'/>
        <property name='org.eclipse.equinox.p2.name' value='%pluginName'/>
        <property name='org.eclipse.equinox.p2.provider' value='%providerName'/>
        <property name='org.eclipse.equinox.p2.bundle.localization' value='plugin'/>
      </properties>
      <provides size='9'>
        <provided namespace='org.eclipse.equinox.p2.iu' name='UnzipTask' version='1.0.0.201604121029'/>
        <provided namespace='osgi.bundle' name='UnzipTask' version='1.0.0.201604121029'/>
        <provided namespace='java.package' name='unziptask' version='1.0.0'/>
        <provided namespace='java.package' name='unziptask.core' version='0.0.0'/>
        <provided namespace='java.package' name='unziptask.core.impl' version='0.0.0'/>
        <provided namespace='java.package' name='unziptask.impl' version='1.0.0'/>
        <provided namespace='java.package' name='unziptask.util' version='1.0.0'/>
        <provided namespace='org.eclipse.equinox.p2.eclipse.type' name='bundle' version='1.0.0'/>
        <provided namespace='org.eclipse.equinox.p2.localization' name='df_LT' version='1.0.0'/>
      </provides>
      <requires size='4'>
        <required namespace='osgi.bundle' name='org.eclipse.core.runtime' range='[3.5.0,4.0.0)'/>
        <required namespace='osgi.bundle' name='org.eclipse.emf.ecore' range='[2.10.0,3.0.0)'/>
        <required namespace='osgi.bundle' name='org.eclipse.oomph.setup' range='[1.1.0,2.0.0)'/>
        <required namespace='osgi.bundle' name='org.eclipse.oomph.base' range='[1.1.0,2.0.0)'/>
      </requires>
      <artifacts size='1'>
        <artifact classifier='osgi.bundle' id='UnzipTask' version='1.0.0.201604121029'/>
      </artifacts>
      <touchpoint id='org.eclipse.equinox.p2.osgi' version='1.0.0'/>
      <touchpointData size='1'>
        <instructions size='1'>
          <instruction key='manifest'>
            Bundle-SymbolicName: UnzipTask;singleton:=true&#xA;Bundle-Version: 1.0.0.201604121029
          </instruction>
        </instructions>
      </touchpointData>
    </unit>
    <unit id='UnzipTask' version='1.0.0.201604121205'>
      <update id='UnzipTask' range='[0.0.0,1.0.0.201604121205)' severity='0'/>
      <properties size='5'>
        <property name='df_LT.pluginName' value='Unzip Setup Task'/>
        <property name='df_LT.providerName' value='Unziptask'/>
        <property name='org.eclipse.equinox.p2.name' value='%pluginName'/>
        <property name='org.eclipse.equinox.p2.provider' value='%providerName'/>
        <property name='org.eclipse.equinox.p2.bundle.localization' value='plugin'/>
      </properties>
      <provides size='9'>
        <provided namespace='org.eclipse.equinox.p2.iu' name='UnzipTask' version='1.0.0.201604121205'/>
        <provided namespace='osgi.bundle' name='UnzipTask' version='1.0.0.201604121205'/>
        <provided namespace='java.package' name='unziptask' version='1.0.0'/>
        <provided namespace='java.package' name='unziptask.core' version='0.0.0'/>
        <provided namespace='java.package' name='unziptask.core.impl' version='0.0.0'/>
        <provided namespace='java.package' name='unziptask.impl' version='1.0.0'/>
        <provided namespace='java.package' name='unziptask.util' version='1.0.0'/>
        <provided namespace='org.eclipse.equinox.p2.eclipse.type' name='bundle' version='1.0.0'/>
        <provided namespace='org.eclipse.equinox.p2.localization' name='df_LT' version='1.0.0'/>
      </provides>
      <requires size='4'>
        <required namespace='osgi.bundle' name='org.eclipse.core.runtime' range='[3.5.0,4.0.0)'/>
        <required namespace='osgi.bundle' name='org.eclipse.emf.ecore' range='[2.10.0,3.0.0)'/>
        <required namespace='osgi.bundle' name='org.eclipse.oomph.setup' range='[1.1.0,2.0.0)'/>
        <required namespace='osgi.bundle' name='org.eclipse.oomph.base' range='[1.1.0,2.0.0)'/>
      </requires>
      <artifacts size='1'>
        <artifact classifier='osgi.bundle' id='UnzipTask' version='1.0.0.201604121205'/>
      </artifacts>
      <touchpoint id='org.eclipse.equinox.p2.osgi' version='1.0.0'/>
      <touchpointData size='1'>
        <instructions size='1'>
          <instruction key='manifest'>
            Bundle-SymbolicName: UnzipTask;singleton:=true&#xA;Bundle-Version: 1.0.0.201604121205
          </instruction>
        </instructions>
      </touchpointData>
    </unit>
    <unit id='DownloadTask.feature.jar' version='1.0.0.201604121029'>
      <properties size='8'>
        <property name='org.eclipse.equinox.p2.name' value='%featureName'/>
        <property name='org.eclipse.equinox.p2.description' value='%description'/>
        <property name='org.eclipse.equinox.p2.provider' value='%providerName'/>
        <property name='df_LT.license' value='&lt;Enter license&gt;'/>
        <property name='df_LT.copyright' value='&lt;Enter copyright&gt;'/>
        <property name='df_LT.featureName' value='Download Setup Task'/>
        <property name='df_LT.description' value='Contains the setup model extension and edit support plugins for Download.'/>
        <property name='df_LT.providerName' value='Downloadtask'/>
      </properties>
      <provides size='3'>
        <provided namespace='org.eclipse.equinox.p2.iu' name='DownloadTask.feature.jar' version='1.0.0.201604121029'/>
        <provided namespace='org.eclipse.equinox.p2.eclipse.type' name='feature' version='1.0.0'/>
        <provided namespace='org.eclipse.update.feature' name='DownloadTask' version='1.0.0.201604121029'/>
      </provides>
      <filter>
        (org.eclipse.update.install.features=true)
      </filter>
      <artifacts size='1'>
        <artifact classifier='org.eclipse.update.feature' id='DownloadTask' version='1.0.0.201604121029'/>
      </artifacts>
      <touchpoint id='org.eclipse.equinox.p2.osgi' version='1.0.0'/>
      <touchpointData size='1'>
        <instructions size='1'>
          <instruction key='zipped'>
            true
          </instruction>
        </instructions>
      </touchpointData>
      <licenses size='1'>
        <license uri='http://www.example.org/DownloadTask/license.html' url='http://www.example.org/DownloadTask/license.html'>
          %license
        </license>
      </licenses>
      <copyright uri='http://www.example.org/DownloadTask/copyright.html' url='http://www.example.org/DownloadTask/copyright.html'>
        %copyright
      </copyright>
    </unit>
    <unit id='DownloadTask.feature.jar' version='1.0.0.201604121205'>
      <properties size='8'>
        <property name='org.eclipse.equinox.p2.name' value='%featureName'/>
        <property name='org.eclipse.equinox.p2.description' value='%description'/>
        <property name='org.eclipse.equinox.p2.provider' value='%providerName'/>
        <property name='df_LT.license' value='&lt;Enter license&gt;'/>
        <property name='df_LT.copyright' value='&lt;Enter copyright&gt;'/>
        <property name='df_LT.featureName' value='Download Setup Task'/>
        <property name='df_LT.description' value='Contains the setup model extension and edit support plugins for Download.'/>
        <property name='df_LT.providerName' value='Downloadtask'/>
      </properties>
      <provides size='3'>
        <provided namespace='org.eclipse.equinox.p2.iu' name='DownloadTask.feature.jar' version='1.0.0.201604121205'/>
        <provided namespace='org.eclipse.equinox.p2.eclipse.type' name='feature' version='1.0.0'/>
        <provided namespace='org.eclipse.update.feature' name='DownloadTask' version='1.0.0.201604121205'/>
      </provides>
      <filter>
        (org.eclipse.update.install.features=true)
      </filter>
      <artifacts size='1'>
        <artifact classifier='org.eclipse.update.feature' id='DownloadTask' version='1.0.0.201604121205'/>
      </artifacts>
      <touchpoint id='org.eclipse.equinox.p2.osgi' version='1.0.0'/>
      <touchpointData size='1'>
        <instructions size='1'>
          <instruction key='zipped'>
            true
          </instruction>
        </instructions>
      </touchpointData>
      <licenses size='1'>
        <license uri='http://www.example.org/DownloadTask/license.html' url='http://www.example.org/DownloadTask/license.html'>
          %license
        </license>
      </licenses>
      <copyright uri='http://www.example.org/DownloadTask/copyright.html' url='http://www.example.org/DownloadTask/copyright.html'>
        %copyright
      </copyright>
    </unit>
    <unit id='CommandLine.edit' version='1.0.0.201604121029'>
      <update id='CommandLine.edit' range='[0.0.0,1.0.0.201604121029)' severity='0'/>
      <properties size='5'>
        <property name='df_LT.pluginName' value='Cmd Setup Task Edit Support'/>
        <property name='df_LT.providerName' value='Example.org'/>
        <property name='org.eclipse.equinox.p2.name' value='%pluginName'/>
        <property name='org.eclipse.equinox.p2.provider' value='%providerName'/>
        <property name='org.eclipse.equinox.p2.bundle.localization' value='plugin'/>
      </properties>
      <provides size='5'>
        <provided namespace='org.eclipse.equinox.p2.iu' name='CommandLine.edit' version='1.0.0.201604121029'/>
        <provided namespace='osgi.bundle' name='CommandLine.edit' version='1.0.0.201604121029'/>
        <provided namespace='java.package' name='cmd.provider' version='1.0.0'/>
        <provided namespace='org.eclipse.equinox.p2.eclipse.type' name='bundle' version='1.0.0'/>
        <provided namespace='org.eclipse.equinox.p2.localization' name='df_LT' version='1.0.0'/>
      </provides>
      <requires size='8'>
        <required namespace='osgi.bundle' name='org.eclipse.core.runtime' range='[3.5.0,4.0.0)'/>
        <required namespace='osgi.bundle' name='org.eclipse.emf.ecore' range='[2.10.0,3.0.0)'/>
        <required namespace='osgi.bundle' name='org.eclipse.emf.edit' range='[2.10.0,3.0.0)'/>
        <required namespace='osgi.bundle' name='org.eclipse.oomph.setup' range='[1.1.0,2.0.0)'/>
        <required namespace='osgi.bundle' name='org.eclipse.oomph.setup.edit' range='[1.1.0,2.0.0)'/>
        <required namespace='osgi.bundle' name='org.eclipse.oomph.base' range='[1.1.0,2.0.0)'/>
        <required namespace='osgi.bundle' name='org.eclipse.oomph.base.edit' range='[1.1.0,2.0.0)'/>
        <required namespace='osgi.bundle' name='CommandLine' range='[1.0.0,2.0.0)'/>
      </requires>
      <artifacts size='1'>
        <artifact classifier='osgi.bundle' id='CommandLine.edit' version='1.0.0.201604121029'/>
      </artifacts>
      <touchpoint id='org.eclipse.equinox.p2.osgi' version='1.0.0'/>
      <touchpointData size='1'>
        <instructions size='1'>
          <instruction key='manifest'>
            Bundle-SymbolicName: CommandLine.edit;singleton:=true&#xA;Bundle-Version: 1.0.0.201604121029
          </instruction>
        </instructions>
      </touchpointData>
    </unit>
    <unit id='CommandLine.edit' version='1.0.0.201604121205'>
      <update id='CommandLine.edit' range='[0.0.0,1.0.0.201604121205)' severity='0'/>
      <properties size='5'>
        <property name='df_LT.pluginName' value='Cmd Setup Task Edit Support'/>
        <property name='df_LT.providerName' value='Example.org'/>
        <property name='org.eclipse.equinox.p2.name' value='%pluginName'/>
        <property name='org.eclipse.equinox.p2.provider' value='%providerName'/>
        <property name='org.eclipse.equinox.p2.bundle.localization' value='plugin'/>
      </properties>
      <provides size='5'>
        <provided namespace='org.eclipse.equinox.p2.iu' name='CommandLine.edit' version='1.0.0.201604121205'/>
        <provided namespace='osgi.bundle' name='CommandLine.edit' version='1.0.0.201604121205'/>
        <provided namespace='java.package' name='cmd.provider' version='1.0.0'/>
        <provided namespace='org.eclipse.equinox.p2.eclipse.type' name='bundle' version='1.0.0'/>
        <provided namespace='org.eclipse.equinox.p2.localization' name='df_LT' version='1.0.0'/>
      </provides>
      <requires size='8'>
        <required namespace='osgi.bundle' name='org.eclipse.core.runtime' range='[3.5.0,4.0.0)'/>
        <required namespace='osgi.bundle' name='org.eclipse.emf.ecore' range='[2.10.0,3.0.0)'/>
        <required namespace='osgi.bundle' name='org.eclipse.emf.edit' range='[2.10.0,3.0.0)'/>
        <required namespace='osgi.bundle' name='org.eclipse.oomph.setup' range='[1.1.0,2.0.0)'/>
        <required namespace='osgi.bundle' name='org.eclipse.oomph.setup.edit' range='[1.1.0,2.0.0)'/>
        <required namespace='osgi.bundle' name='org.eclipse.oomph.base' range='[1.1.0,2.0.0)'/>
        <required namespace='osgi.bundle' name='org.eclipse.oomph.base.edit' range='[1.1.0,2.0.0)'/>
        <required namespace='osgi.bundle' name='CommandLine' range='[1.0.0,2.0.0)'/>
      </requires>
      <artifacts size='1'>
        <artifact classifier='osgi.bundle' id='CommandLine.edit' version='1.0.0.201604121205'/>
      </artifacts>
      <touchpoint id='org.eclipse.equinox.p2.osgi' version='1.0.0'/>
      <touchpointData size='1'>
        <instructions size='1'>
          <instruction key='manifest'>
            Bundle-SymbolicName: CommandLine.edit;singleton:=true&#xA;Bundle-Version: 1.0.0.201604121205
          </instruction>
        </instructions>
      </touchpointData>
    </unit>
    <unit id='CommandLine.feature.group' version='1.0.0.201604121219' singleton='false'>
      <update id='CommandLine.feature.group' range='[0.0.0,1.0.0.201604121219)' severity='0'/>
      <properties size='9'>
        <property name='org.eclipse.equinox.p2.name' value='%featureName'/>
        <property name='org.eclipse.equinox.p2.description' value='%description'/>
        <property name='org.eclipse.equinox.p2.provider' value='%providerName'/>
        <property name='org.eclipse.equinox.p2.type.group' value='true'/>
        <property name='df_LT.license' value='&lt;Enter license&gt;'/>
        <property name='df_LT.copyright' value='&lt;Enter copyright&gt;'/>
        <property name='df_LT.featureName' value='Cmd Setup Task'/>
        <property name='df_LT.description' value='Contains the setup model extension and edit support plugins for Cmd.'/>
        <property name='df_LT.providerName' value='Cmd'/>
      </properties>
      <provides size='2'>
        <provided namespace='org.eclipse.equinox.p2.iu' name='CommandLine.feature.group' version='1.0.0.201604121219'/>
        <provided namespace='org.eclipse.equinox.p2.localization' name='df_LT' version='1.0.0'/>
      </provides>
      <requires size='3'>
        <required namespace='org.eclipse.equinox.p2.iu' name='CommandLine' range='[1.0.0.201604121219,1.0.0.201604121219]'/>
        <required namespace='org.eclipse.equinox.p2.iu' name='CommandLine.edit' range='[1.0.0.201604121219,1.0.0.201604121219]'/>
        <required namespace='org.eclipse.equinox.p2.iu' name='CommandLine.feature.jar' range='[1.0.0.201604121219,1.0.0.201604121219]'>
          <filter>
            (org.eclipse.update.install.features=true)
          </filter>
        </required>
      </requires>
      <touchpoint id='null' version='0.0.0'/>
      <licenses size='1'>
        <license uri='http://www.example.org/CommandLine/license.html' url='http://www.example.org/CommandLine/license.html'>
          %license
        </license>
      </licenses>
      <copyright uri='http://www.example.org/CommandLine/copyright.html' url='http://www.example.org/CommandLine/copyright.html'>
        %copyright
      </copyright>
    </unit>
    <unit id='DownloadTask.feature.jar' version='1.0.0.201604121219'>
      <properties size='8'>
        <property name='org.eclipse.equinox.p2.name' value='%featureName'/>
        <property name='org.eclipse.equinox.p2.description' value='%description'/>
        <property name='org.eclipse.equinox.p2.provider' value='%providerName'/>
        <property name='df_LT.license' value='&lt;Enter license&gt;'/>
        <property name='df_LT.copyright' value='&lt;Enter copyright&gt;'/>
        <property name='df_LT.featureName' value='Download Setup Task'/>
        <property name='df_LT.description' value='Contains the setup model extension and edit support plugins for Download.'/>
        <property name='df_LT.providerName' value='Downloadtask'/>
      </properties>
      <provides size='3'>
        <provided namespace='org.eclipse.equinox.p2.iu' name='DownloadTask.feature.jar' version='1.0.0.201604121219'/>
        <provided namespace='org.eclipse.equinox.p2.eclipse.type' name='feature' version='1.0.0'/>
        <provided namespace='org.eclipse.update.feature' name='DownloadTask' version='1.0.0.201604121219'/>
      </provides>
      <filter>
        (org.eclipse.update.install.features=true)
      </filter>
      <artifacts size='1'>
        <artifact classifier='org.eclipse.update.feature' id='DownloadTask' version='1.0.0.201604121219'/>
      </artifacts>
      <touchpoint id='org.eclipse.equinox.p2.osgi' version='1.0.0'/>
      <touchpointData size='1'>
        <instructions size='1'>
          <instruction key='zipped'>
            true
          </instruction>
        </instructions>
      </touchpointData>
      <licenses size='1'>
        <license uri='http://www.example.org/DownloadTask/license.html' url='http://www.example.org/DownloadTask/license.html'>
          %license
        </license>
      </licenses>
      <copyright uri='http://www.example.org/DownloadTask/copyright.html' url='http://www.example.org/DownloadTask/copyright.html'>
        %copyright
      </copyright>
    </unit>
    <unit id='DownloadTask' version='1.0.0.201604121029'>
      <update id='DownloadTask' range='[0.0.0,1.0.0.201604121029)' severity='0'/>
      <properties size='5'>
        <property name='df_LT.pluginName' value='Download Setup Task'/>
        <property name='df_LT.providerName' value='Downloadtask'/>
        <property name='org.eclipse.equinox.p2.name' value='%pluginName'/>
        <property name='org.eclipse.equinox.p2.provider' value='%providerName'/>
        <property name='org.eclipse.equinox.p2.bundle.localization' value='plugin'/>
      </properties>
      <provides size='9'>
        <provided namespace='org.eclipse.equinox.p2.iu' name='DownloadTask' version='1.0.0.201604121029'/>
        <provided namespace='osgi.bundle' name='DownloadTask' version='1.0.0.201604121029'/>
        <provided namespace='java.package' name='downloadtask' version='1.0.0'/>
        <provided namespace='java.package' name='downloadtask.core' version='0.0.0'/>
        <provided namespace='java.package' name='downloadtask.core.impl' version='0.0.0'/>
        <provided namespace='java.package' name='downloadtask.impl' version='1.0.0'/>
        <provided namespace='java.package' name='downloadtask.util' version='1.0.0'/>
        <provided namespace='org.eclipse.equinox.p2.eclipse.type' name='bundle' version='1.0.0'/>
        <provided namespace='org.eclipse.equinox.p2.localization' name='df_LT' version='1.0.0'/>
      </provides>
      <requires size='4'>
        <required namespace='osgi.bundle' name='org.eclipse.core.runtime' range='[3.5.0,4.0.0)'/>
        <required namespace='osgi.bundle' name='org.eclipse.emf.ecore' range='[2.10.0,3.0.0)'/>
        <required namespace='osgi.bundle' name='org.eclipse.oomph.setup' range='[1.1.0,2.0.0)'/>
        <required namespace='osgi.bundle' name='org.eclipse.oomph.base' range='[1.1.0,2.0.0)'/>
      </requires>
      <artifacts size='1'>
        <artifact classifier='osgi.bundle' id='DownloadTask' version='1.0.0.201604121029'/>
      </artifacts>
      <touchpoint id='org.eclipse.equinox.p2.osgi' version='1.0.0'/>
      <touchpointData size='1'>
        <instructions size='1'>
          <instruction key='manifest'>
            Bundle-SymbolicName: DownloadTask;singleton:=true&#xA;Bundle-Version: 1.0.0.201604121029
          </instruction>
        </instructions>
      </touchpointData>
    </unit>
    <unit id='DownloadTask' version='1.0.0.201604121205'>
      <update id='DownloadTask' range='[0.0.0,1.0.0.201604121205)' severity='0'/>
      <properties size='5'>
        <property name='df_LT.pluginName' value='Download Setup Task'/>
        <property name='df_LT.providerName' value='Downloadtask'/>
        <property name='org.eclipse.equinox.p2.name' value='%pluginName'/>
        <property name='org.eclipse.equinox.p2.provider' value='%providerName'/>
        <property name='org.eclipse.equinox.p2.bundle.localization' value='plugin'/>
      </properties>
      <provides size='9'>
        <provided namespace='org.eclipse.equinox.p2.iu' name='DownloadTask' version='1.0.0.201604121205'/>
        <provided namespace='osgi.bundle' name='DownloadTask' version='1.0.0.201604121205'/>
        <provided namespace='java.package' name='downloadtask' version='1.0.0'/>
        <provided namespace='java.package' name='downloadtask.core' version='0.0.0'/>
        <provided namespace='java.package' name='downloadtask.core.impl' version='0.0.0'/>
        <provided namespace='java.package' name='downloadtask.impl' version='1.0.0'/>
        <provided namespace='java.package' name='downloadtask.util' version='1.0.0'/>
        <provided namespace='org.eclipse.equinox.p2.eclipse.type' name='bundle' version='1.0.0'/>
        <provided namespace='org.eclipse.equinox.p2.localization' name='df_LT' version='1.0.0'/>
      </provides>
      <requires size='4'>
        <required namespace='osgi.bundle' name='org.eclipse.core.runtime' range='[3.5.0,4.0.0)'/>
        <required namespace='osgi.bundle' name='org.eclipse.emf.ecore' range='[2.10.0,3.0.0)'/>
        <required namespace='osgi.bundle' name='org.eclipse.oomph.setup' range='[1.1.0,2.0.0)'/>
        <required namespace='osgi.bundle' name='org.eclipse.oomph.base' range='[1.1.0,2.0.0)'/>
      </requires>
      <artifacts size='1'>
        <artifact classifier='osgi.bundle' id='DownloadTask' version='1.0.0.201604121205'/>
      </artifacts>
      <touchpoint id='org.eclipse.equinox.p2.osgi' version='1.0.0'/>
      <touchpointData size='1'>
        <instructions size='1'>
          <instruction key='manifest'>
            Bundle-SymbolicName: DownloadTask;singleton:=true&#xA;Bundle-Version: 1.0.0.201604121205
          </instruction>
        </instructions>
      </touchpointData>
    </unit>
    <unit id='UnzipTask.feature.jar' version='1.0.0.201604121029'>
      <properties size='8'>
        <property name='org.eclipse.equinox.p2.name' value='%featureName'/>
        <property name='org.eclipse.equinox.p2.description' value='%description'/>
        <property name='org.eclipse.equinox.p2.provider' value='%providerName'/>
        <property name='df_LT.license' value='&lt;Enter license&gt;'/>
        <property name='df_LT.copyright' value='&lt;Enter copyright&gt;'/>
        <property name='df_LT.featureName' value='Unzip Setup Task'/>
        <property name='df_LT.description' value='Contains the setup model extension and edit support plugins for Unzip.'/>
        <property name='df_LT.providerName' value='Unziptask'/>
      </properties>
      <provides size='3'>
        <provided namespace='org.eclipse.equinox.p2.iu' name='UnzipTask.feature.jar' version='1.0.0.201604121029'/>
        <provided namespace='org.eclipse.equinox.p2.eclipse.type' name='feature' version='1.0.0'/>
        <provided namespace='org.eclipse.update.feature' name='UnzipTask' version='1.0.0.201604121029'/>
      </provides>
      <filter>
        (org.eclipse.update.install.features=true)
      </filter>
      <artifacts size='1'>
        <artifact classifier='org.eclipse.update.feature' id='UnzipTask' version='1.0.0.201604121029'/>
      </artifacts>
      <touchpoint id='org.eclipse.equinox.p2.osgi' version='1.0.0'/>
      <touchpointData size='1'>
        <instructions size='1'>
          <instruction key='zipped'>
            true
          </instruction>
        </instructions>
      </touchpointData>
      <licenses size='1'>
        <license uri='http://www.example.org/UnzipTask/license.html' url='http://www.example.org/UnzipTask/license.html'>
          %license
        </license>
      </licenses>
      <copyright uri='http://www.example.org/UnzipTask/copyright.html' url='http://www.example.org/UnzipTask/copyright.html'>
        %copyright
      </copyright>
    </unit>
    <unit id='UnzipTask.feature.jar' version='1.0.0.201604121205'>
      <properties size='8'>
        <property name='org.eclipse.equinox.p2.name' value='%featureName'/>
        <property name='org.eclipse.equinox.p2.description' value='%description'/>
        <property name='org.eclipse.equinox.p2.provider' value='%providerName'/>
        <property name='df_LT.license' value='&lt;Enter license&gt;'/>
        <property name='df_LT.copyright' value='&lt;Enter copyright&gt;'/>
        <property name='df_LT.featureName' value='Unzip Setup Task'/>
        <property name='df_LT.description' value='Contains the setup model extension and edit support plugins for Unzip.'/>
        <property name='df_LT.providerName' value='Unziptask'/>
      </properties>
      <provides size='3'>
        <provided namespace='org.eclipse.equinox.p2.iu' name='UnzipTask.feature.jar' version='1.0.0.201604121205'/>
        <provided namespace='org.eclipse.equinox.p2.eclipse.type' name='feature' version='1.0.0'/>
        <provided namespace='org.eclipse.update.feature' name='UnzipTask' version='1.0.0.201604121205'/>
      </provides>
      <filter>
        (org.eclipse.update.install.features=true)
      </filter>
      <artifacts size='1'>
        <artifact classifier='org.eclipse.update.feature' id='UnzipTask' version='1.0.0.201604121205'/>
      </artifacts>
      <touchpoint id='org.eclipse.equinox.p2.osgi' version='1.0.0'/>
      <touchpointData size='1'>
        <instructions size='1'>
          <instruction key='zipped'>
            true
          </instruction>
        </instructions>
      </touchpointData>
      <licenses size='1'>
        <license uri='http://www.example.org/UnzipTask/license.html' url='http://www.example.org/UnzipTask/license.html'>
          %license
        </license>
      </licenses>
      <copyright uri='http://www.example.org/UnzipTask/copyright.html' url='http://www.example.org/UnzipTask/copyright.html'>
        %copyright
      </copyright>
    </unit>
    <unit id='DownloadTask.edit' version='1.0.0.201604121029'>
      <update id='DownloadTask.edit' range='[0.0.0,1.0.0.201604121029)' severity='0'/>
      <properties size='5'>
        <property name='df_LT.pluginName' value='Download Setup Task Edit Support'/>
        <property name='df_LT.providerName' value='Example.org'/>
        <property name='org.eclipse.equinox.p2.name' value='%pluginName'/>
        <property name='org.eclipse.equinox.p2.provider' value='%providerName'/>
        <property name='org.eclipse.equinox.p2.bundle.localization' value='plugin'/>
      </properties>
      <provides size='5'>
        <provided namespace='org.eclipse.equinox.p2.iu' name='DownloadTask.edit' version='1.0.0.201604121029'/>
        <provided namespace='osgi.bundle' name='DownloadTask.edit' version='1.0.0.201604121029'/>
        <provided namespace='java.package' name='downloadtask.provider' version='1.0.0'/>
        <provided namespace='org.eclipse.equinox.p2.eclipse.type' name='bundle' version='1.0.0'/>
        <provided namespace='org.eclipse.equinox.p2.localization' name='df_LT' version='1.0.0'/>
      </provides>
      <requires size='8'>
        <required namespace='osgi.bundle' name='org.eclipse.core.runtime' range='[3.5.0,4.0.0)'/>
        <required namespace='osgi.bundle' name='org.eclipse.emf.ecore' range='[2.10.0,3.0.0)'/>
        <required namespace='osgi.bundle' name='org.eclipse.emf.edit' range='[2.10.0,3.0.0)'/>
        <required namespace='osgi.bundle' name='org.eclipse.oomph.setup' range='[1.1.0,2.0.0)'/>
        <required namespace='osgi.bundle' name='org.eclipse.oomph.setup.edit' range='[1.1.0,2.0.0)'/>
        <required namespace='osgi.bundle' name='org.eclipse.oomph.base' range='[1.1.0,2.0.0)'/>
        <required namespace='osgi.bundle' name='org.eclipse.oomph.base.edit' range='[1.1.0,2.0.0)'/>
        <required namespace='osgi.bundle' name='DownloadTask' range='[1.0.0,2.0.0)'/>
      </requires>
      <artifacts size='1'>
        <artifact classifier='osgi.bundle' id='DownloadTask.edit' version='1.0.0.201604121029'/>
      </artifacts>
      <touchpoint id='org.eclipse.equinox.p2.osgi' version='1.0.0'/>
      <touchpointData size='1'>
        <instructions size='1'>
          <instruction key='manifest'>
            Bundle-SymbolicName: DownloadTask.edit;singleton:=true&#xA;Bundle-Version: 1.0.0.201604121029
          </instruction>
        </instructions>
      </touchpointData>
    </unit>
    <unit id='DownloadTask.edit' version='1.0.0.201604121205'>
      <update id='DownloadTask.edit' range='[0.0.0,1.0.0.201604121205)' severity='0'/>
      <properties size='5'>
        <property name='df_LT.pluginName' value='Download Setup Task Edit Support'/>
        <property name='df_LT.providerName' value='Example.org'/>
        <property name='org.eclipse.equinox.p2.name' value='%pluginName'/>
        <property name='org.eclipse.equinox.p2.provider' value='%providerName'/>
        <property name='org.eclipse.equinox.p2.bundle.localization' value='plugin'/>
      </properties>
      <provides size='5'>
        <provided namespace='org.eclipse.equinox.p2.iu' name='DownloadTask.edit' version='1.0.0.201604121205'/>
        <provided namespace='osgi.bundle' name='DownloadTask.edit' version='1.0.0.201604121205'/>
        <provided namespace='java.package' name='downloadtask.provider' version='1.0.0'/>
        <provided namespace='org.eclipse.equinox.p2.eclipse.type' name='bundle' version='1.0.0'/>
        <provided namespace='org.eclipse.equinox.p2.localization' name='df_LT' version='1.0.0'/>
      </provides>
      <requires size='8'>
        <required namespace='osgi.bundle' name='org.eclipse.core.runtime' range='[3.5.0,4.0.0)'/>
        <required namespace='osgi.bundle' name='org.eclipse.emf.ecore' range='[2.10.0,3.0.0)'/>
        <required namespace='osgi.bundle' name='org.eclipse.emf.edit' range='[2.10.0,3.0.0)'/>
        <required namespace='osgi.bundle' name='org.eclipse.oomph.setup' range='[1.1.0,2.0.0)'/>
        <required namespace='osgi.bundle' name='org.eclipse.oomph.setup.edit' range='[1.1.0,2.0.0)'/>
        <required namespace='osgi.bundle' name='org.eclipse.oomph.base' range='[1.1.0,2.0.0)'/>
        <required namespace='osgi.bundle' name='org.eclipse.oomph.base.edit' range='[1.1.0,2.0.0)'/>
        <required namespace='osgi.bundle' name='DownloadTask' range='[1.0.0,2.0.0)'/>
      </requires>
      <artifacts size='1'>
        <artifact classifier='osgi.bundle' id='DownloadTask.edit' version='1.0.0.201604121205'/>
      </artifacts>
      <touchpoint id='org.eclipse.equinox.p2.osgi' version='1.0.0'/>
      <touchpointData size='1'>
        <instructions size='1'>
          <instruction key='manifest'>
            Bundle-SymbolicName: DownloadTask.edit;singleton:=true&#xA;Bundle-Version: 1.0.0.201604121205
          </instruction>
        </instructions>
      </touchpointData>
    </unit>
    <unit id='CommandLine' version='1.0.0.201604121219'>
      <update id='CommandLine' range='[0.0.0,1.0.0.201604121219)' severity='0'/>
      <properties size='5'>
        <property name='df_LT.pluginName' value='Cmd Setup Task'/>
        <property name='df_LT.providerName' value='Cmd'/>
        <property name='org.eclipse.equinox.p2.name' value='%pluginName'/>
        <property name='org.eclipse.equinox.p2.provider' value='%providerName'/>
        <property name='org.eclipse.equinox.p2.bundle.localization' value='plugin'/>
      </properties>
      <provides size='7'>
        <provided namespace='org.eclipse.equinox.p2.iu' name='CommandLine' version='1.0.0.201604121219'/>
        <provided namespace='osgi.bundle' name='CommandLine' version='1.0.0.201604121219'/>
        <provided namespace='java.package' name='cmd' version='1.0.0'/>
        <provided namespace='java.package' name='cmd.impl' version='1.0.0'/>
        <provided namespace='java.package' name='cmd.util' version='1.0.0'/>
        <provided namespace='org.eclipse.equinox.p2.eclipse.type' name='bundle' version='1.0.0'/>
        <provided namespace='org.eclipse.equinox.p2.localization' name='df_LT' version='1.0.0'/>
      </provides>
      <requires size='5'>
        <required namespace='osgi.bundle' name='org.eclipse.core.runtime' range='[3.5.0,4.0.0)'/>
        <required namespace='osgi.bundle' name='org.eclipse.emf.ecore' range='[2.10.0,3.0.0)'/>
        <required namespace='osgi.bundle' name='org.eclipse.oomph.setup' range='[1.1.0,2.0.0)'/>
        <required namespace='osgi.bundle' name='org.eclipse.oomph.base' range='[1.1.0,2.0.0)'/>
        <required namespace='osgi.bundle' name='org.junit' range='0.0.0'/>
      </requires>
      <artifacts size='1'>
        <artifact classifier='osgi.bundle' id='CommandLine' version='1.0.0.201604121219'/>
      </artifacts>
      <touchpoint id='org.eclipse.equinox.p2.osgi' version='1.0.0'/>
      <touchpointData size='1'>
        <instructions size='1'>
          <instruction key='manifest'>
            Bundle-SymbolicName: CommandLine;singleton:=true&#xA;Bundle-Version: 1.0.0.201604121219
          </instruction>
        </instructions>
      </touchpointData>
    </unit>
    <unit id='UnzipTask.edit' version='1.0.0.201604121219'>
      <update id='UnzipTask.edit' range='[0.0.0,1.0.0.201604121219)' severity='0'/>
      <properties size='5'>
        <property name='df_LT.pluginName' value='Unzip Setup Task Edit Support'/>
        <property name='df_LT.providerName' value='Example.org'/>
        <property name='org.eclipse.equinox.p2.name' value='%pluginName'/>
        <property name='org.eclipse.equinox.p2.provider' value='%providerName'/>
        <property name='org.eclipse.equinox.p2.bundle.localization' value='plugin'/>
      </properties>
      <provides size='5'>
        <provided namespace='org.eclipse.equinox.p2.iu' name='UnzipTask.edit' version='1.0.0.201604121219'/>
        <provided namespace='osgi.bundle' name='UnzipTask.edit' version='1.0.0.201604121219'/>
        <provided namespace='java.package' name='unziptask.provider' version='1.0.0'/>
        <provided namespace='org.eclipse.equinox.p2.eclipse.type' name='bundle' version='1.0.0'/>
        <provided namespace='org.eclipse.equinox.p2.localization' name='df_LT' version='1.0.0'/>
      </provides>
      <requires size='8'>
        <required namespace='osgi.bundle' name='org.eclipse.core.runtime' range='[3.5.0,4.0.0)'/>
        <required namespace='osgi.bundle' name='org.eclipse.emf.ecore' range='[2.10.0,3.0.0)'/>
        <required namespace='osgi.bundle' name='org.eclipse.emf.edit' range='[2.10.0,3.0.0)'/>
        <required namespace='osgi.bundle' name='org.eclipse.oomph.setup' range='[1.1.0,2.0.0)'/>
        <required namespace='osgi.bundle' name='org.eclipse.oomph.setup.edit' range='[1.1.0,2.0.0)'/>
        <required namespace='osgi.bundle' name='org.eclipse.oomph.base' range='[1.1.0,2.0.0)'/>
        <required namespace='osgi.bundle' name='org.eclipse.oomph.base.edit' range='[1.1.0,2.0.0)'/>
        <required namespace='osgi.bundle' name='UnzipTask' range='[1.0.0,2.0.0)'/>
      </requires>
      <artifacts size='1'>
        <artifact classifier='osgi.bundle' id='UnzipTask.edit' version='1.0.0.201604121219'/>
      </artifacts>
      <touchpoint id='org.eclipse.equinox.p2.osgi' version='1.0.0'/>
      <touchpointData size='1'>
        <instructions size='1'>
          <instruction key='manifest'>
            Bundle-SymbolicName: UnzipTask.edit;singleton:=true&#xA;Bundle-Version: 1.0.0.201604121219
          </instruction>
        </instructions>
      </touchpointData>
    </unit>
    <unit id='CommandLine.feature.jar' version='1.0.0.201604121219'>
      <properties size='8'>
        <property name='org.eclipse.equinox.p2.name' value='%featureName'/>
        <property name='org.eclipse.equinox.p2.description' value='%description'/>
        <property name='org.eclipse.equinox.p2.provider' value='%providerName'/>
        <property name='df_LT.license' value='&lt;Enter license&gt;'/>
        <property name='df_LT.copyright' value='&lt;Enter copyright&gt;'/>
        <property name='df_LT.featureName' value='Cmd Setup Task'/>
        <property name='df_LT.description' value='Contains the setup model extension and edit support plugins for Cmd.'/>
        <property name='df_LT.providerName' value='Cmd'/>
      </properties>
      <provides size='3'>
        <provided namespace='org.eclipse.equinox.p2.iu' name='CommandLine.feature.jar' version='1.0.0.201604121219'/>
        <provided namespace='org.eclipse.equinox.p2.eclipse.type' name='feature' version='1.0.0'/>
        <provided namespace='org.eclipse.update.feature' name='CommandLine' version='1.0.0.201604121219'/>
      </provides>
      <filter>
        (org.eclipse.update.install.features=true)
      </filter>
      <artifacts size='1'>
        <artifact classifier='org.eclipse.update.feature' id='CommandLine' version='1.0.0.201604121219'/>
      </artifacts>
      <touchpoint id='org.eclipse.equinox.p2.osgi' version='1.0.0'/>
      <touchpointData size='1'>
        <instructions size='1'>
          <instruction key='zipped'>
            true
          </instruction>
        </instructions>
      </touchpointData>
      <licenses size='1'>
        <license uri='http://www.example.org/CommandLine/license.html' url='http://www.example.org/CommandLine/license.html'>
          %license
        </license>
      </licenses>
      <copyright uri='http://www.example.org/CommandLine/copyright.html' url='http://www.example.org/CommandLine/copyright.html'>
        %copyright
      </copyright>
    </unit>
    <unit id='UnzipTask.feature.group' version='1.0.0.201604121219' singleton='false'>
      <update id='UnzipTask.feature.group' range='[0.0.0,1.0.0.201604121219)' severity='0'/>
      <properties size='9'>
        <property name='org.eclipse.equinox.p2.name' value='%featureName'/>
        <property name='org.eclipse.equinox.p2.description' value='%description'/>
        <property name='org.eclipse.equinox.p2.provider' value='%providerName'/>
        <property name='org.eclipse.equinox.p2.type.group' value='true'/>
        <property name='df_LT.license' value='&lt;Enter license&gt;'/>
        <property name='df_LT.copyright' value='&lt;Enter copyright&gt;'/>
        <property name='df_LT.featureName' value='Unzip Setup Task'/>
        <property name='df_LT.description' value='Contains the setup model extension and edit support plugins for Unzip.'/>
        <property name='df_LT.providerName' value='Unziptask'/>
      </properties>
      <provides size='2'>
        <provided namespace='org.eclipse.equinox.p2.iu' name='UnzipTask.feature.group' version='1.0.0.201604121219'/>
        <provided namespace='org.eclipse.equinox.p2.localization' name='df_LT' version='1.0.0'/>
      </provides>
      <requires size='3'>
        <required namespace='org.eclipse.equinox.p2.iu' name='UnzipTask' range='[1.0.0.201604121219,1.0.0.201604121219]'/>
        <required namespace='org.eclipse.equinox.p2.iu' name='UnzipTask.edit' range='[1.0.0.201604121219,1.0.0.201604121219]'/>
        <required namespace='org.eclipse.equinox.p2.iu' name='UnzipTask.feature.jar' range='[1.0.0.201604121219,1.0.0.201604121219]'>
          <filter>
            (org.eclipse.update.install.features=true)
          </filter>
        </required>
      </requires>
      <touchpoint id='null' version='0.0.0'/>
      <licenses size='1'>
        <license uri='http://www.example.org/UnzipTask/license.html' url='http://www.example.org/UnzipTask/license.html'>
          %license
        </license>
      </licenses>
      <copyright uri='http://www.example.org/UnzipTask/copyright.html' url='http://www.example.org/UnzipTask/copyright.html'>
        %copyright
      </copyright>
    </unit>
    <unit id='UnzipTask' version='1.0.0.201604121219'>
      <update id='UnzipTask' range='[0.0.0,1.0.0.201604121219)' severity='0'/>
      <properties size='5'>
        <property name='df_LT.pluginName' value='Unzip Setup Task'/>
        <property name='df_LT.providerName' value='Unziptask'/>
        <property name='org.eclipse.equinox.p2.name' value='%pluginName'/>
        <property name='org.eclipse.equinox.p2.provider' value='%providerName'/>
        <property name='org.eclipse.equinox.p2.bundle.localization' value='plugin'/>
      </properties>
      <provides size='9'>
        <provided namespace='org.eclipse.equinox.p2.iu' name='UnzipTask' version='1.0.0.201604121219'/>
        <provided namespace='osgi.bundle' name='UnzipTask' version='1.0.0.201604121219'/>
        <provided namespace='java.package' name='unziptask' version='1.0.0'/>
        <provided namespace='java.package' name='unziptask.core' version='0.0.0'/>
        <provided namespace='java.package' name='unziptask.core.impl' version='0.0.0'/>
        <provided namespace='java.package' name='unziptask.impl' version='1.0.0'/>
        <provided namespace='java.package' name='unziptask.util' version='1.0.0'/>
        <provided namespace='org.eclipse.equinox.p2.eclipse.type' name='bundle' version='1.0.0'/>
        <provided namespace='org.eclipse.equinox.p2.localization' name='df_LT' version='1.0.0'/>
      </provides>
      <requires size='4'>
        <required namespace='osgi.bundle' name='org.eclipse.core.runtime' range='[3.5.0,4.0.0)'/>
        <required namespace='osgi.bundle' name='org.eclipse.emf.ecore' range='[2.10.0,3.0.0)'/>
        <required namespace='osgi.bundle' name='org.eclipse.oomph.setup' range='[1.1.0,2.0.0)'/>
        <required namespace='osgi.bundle' name='org.eclipse.oomph.base' range='[1.1.0,2.0.0)'/>
      </requires>
      <artifacts size='1'>
        <artifact classifier='osgi.bundle' id='UnzipTask' version='1.0.0.201604121219'/>
      </artifacts>
      <touchpoint id='org.eclipse.equinox.p2.osgi' version='1.0.0'/>
      <touchpointData size='1'>
        <instructions size='1'>
          <instruction key='manifest'>
            Bundle-SymbolicName: UnzipTask;singleton:=true&#xA;Bundle-Version: 1.0.0.201604121219
          </instruction>
        </instructions>
      </touchpointData>
    </unit>
    <unit id='DownloadTask.feature.group' version='1.0.0.201604121219' singleton='false'>
      <update id='DownloadTask.feature.group' range='[0.0.0,1.0.0.201604121219)' severity='0'/>
      <properties size='9'>
        <property name='org.eclipse.equinox.p2.name' value='%featureName'/>
        <property name='org.eclipse.equinox.p2.description' value='%description'/>
        <property name='org.eclipse.equinox.p2.provider' value='%providerName'/>
        <property name='org.eclipse.equinox.p2.type.group' value='true'/>
        <property name='df_LT.license' value='&lt;Enter license&gt;'/>
        <property name='df_LT.copyright' value='&lt;Enter copyright&gt;'/>
        <property name='df_LT.featureName' value='Download Setup Task'/>
        <property name='df_LT.description' value='Contains the setup model extension and edit support plugins for Download.'/>
        <property name='df_LT.providerName' value='Downloadtask'/>
      </properties>
      <provides size='2'>
        <provided namespace='org.eclipse.equinox.p2.iu' name='DownloadTask.feature.group' version='1.0.0.201604121219'/>
        <provided namespace='org.eclipse.equinox.p2.localization' name='df_LT' version='1.0.0'/>
      </provides>
      <requires size='3'>
        <required namespace='org.eclipse.equinox.p2.iu' name='DownloadTask' range='[1.0.0.201604121219,1.0.0.201604121219]'/>
        <required namespace='org.eclipse.equinox.p2.iu' name='DownloadTask.edit' range='[1.0.0.201604121219,1.0.0.201604121219]'/>
        <required namespace='org.eclipse.equinox.p2.iu' name='DownloadTask.feature.jar' range='[1.0.0.201604121219,1.0.0.201604121219]'>
          <filter>
            (org.eclipse.update.install.features=true)
          </filter>
        </required>
      </requires>
      <touchpoint id='null' version='0.0.0'/>
      <licenses size='1'>
        <license uri='http://www.example.org/DownloadTask/license.html' url='http://www.example.org/DownloadTask/license.html'>
          %license
        </license>
      </licenses>
      <copyright uri='http://www.example.org/DownloadTask/copyright.html' url='http://www.example.org/DownloadTask/copyright.html'>
        %copyright
      </copyright>
    </unit>
  </units>
</repository>
